peak_id	chrom	start	end	score	strand	target_label	biosample_term_name	experiment_accession	selected_file_accession	primary_region_class	overlap_gene_ids	overlap_gene_names	overlap_transcript_ids	n_primary_region_features
TARDBP__HepG2__ENCSR187VEQ__ENCFF626XAA__peak0003741	chr1	32353021	32353084	200	+	TARDBP	HepG2	ENCSR187VEQ	ENCFF626XAA	gene	ENSG00000162526.7	TSSK3		1
TARDBP__HepG2__ENCSR187VEQ__ENCFF626XAA__peak0003877	chr1	34832476	34832534	200	-	TARDBP	HepG2	ENCSR187VEQ	ENCFF626XAA	gene	ENSG00000163866.10	SMIM12		1
TARDBP__HepG2__ENCSR187VEQ__ENCFF626XAA__peak0003892	chr1	35177446	35177509	200	-	TARDBP	HepG2	ENCSR187VEQ	ENCFF626XAA	gene	ENSG00000116560.12	SFPQ		1
TARDBP__HepG2__ENCSR187VEQ__ENCFF626XAA__peak0003902	chr1	35182142	35182184	200	-	TARDBP	HepG2	ENCSR187VEQ	ENCFF626XAA	gene	ENSG00000116560.12	SFPQ		1
TARDBP__HepG2__ENCSR187VEQ__ENCFF626XAA__peak0003903	chr1	35182447	35182459	200	-	TARDBP	HepG2	ENCSR187VEQ	ENCFF626XAA	gene	ENSG00000116560.12	SFPQ		1
TARDBP__HepG2__ENCSR187VEQ__ENCFF626XAA__peak0004074	chr1	36327382	36327448	1000	+	TARDBP	HepG2	ENCSR187VEQ	ENCFF626XAA	gene	ENSG00000214193.12	SH3D21		1
TARDBP__HepG2__ENCSR187VEQ__ENCFF626XAA__peak0004075	chr1	36327590	36327655	1000	+	TARDBP	HepG2	ENCSR187VEQ	ENCFF626XAA	gene	ENSG00000214193.12	SH3D21		1
TARDBP__HepG2__ENCSR187VEQ__ENCFF626XAA__peak0005658	chr1	54543593	54543661	200	+	TARDBP	HepG2	ENCSR187VEQ	ENCFF626XAA	gene	ENSG00000162390.19	ACOT11		1
TARDBP__HepG2__ENCSR187VEQ__ENCFF626XAA__peak0006391	chr1	65256765	65256820	200	+	TARDBP	HepG2	ENCSR187VEQ	ENCFF626XAA	gene	ENSG00000116675.16	DNAJC6		1
TARDBP__HepG2__ENCSR187VEQ__ENCFF626XAA__peak0006392	chr1	65260126	65260149	200	+	TARDBP	HepG2	ENCSR187VEQ	ENCFF626XAA	gene	ENSG00000116675.16	DNAJC6		1
TARDBP__HepG2__ENCSR187VEQ__ENCFF626XAA__peak0006393	chr1	65264129	65264213	200	+	TARDBP	HepG2	ENCSR187VEQ	ENCFF626XAA	gene	ENSG00000116675.16	DNAJC6		1
TARDBP__HepG2__ENCSR187VEQ__ENCFF626XAA__peak0006394	chr1	65264499	65264532	200	+	TARDBP	HepG2	ENCSR187VEQ	ENCFF626XAA	gene	ENSG00000116675.16	DNAJC6		1
TARDBP__HepG2__ENCSR187VEQ__ENCFF626XAA__peak0008430	chr1	147632147	147632230	1000	-	TARDBP	HepG2	ENCSR187VEQ	ENCFF626XAA	gene	ENSG00000162836.13	ACP6		1
TARDBP__HepG2__ENCSR187VEQ__ENCFF626XAA__peak0009626	chr1	171799267	171799331	200	+	TARDBP	HepG2	ENCSR187VEQ	ENCFF626XAA	gene	ENSG00000010165.21	METTL13		1
TARDBP__HepG2__ENCSR187VEQ__ENCFF626XAA__peak0011152	chr1	224445625	224445713	200	+	TARDBP	HepG2	ENCSR187VEQ	ENCFF626XAA	gene	ENSG00000143786.9	CNIH3		1
TARDBP__HepG2__ENCSR187VEQ__ENCFF626XAA__peak0011156	chr1	224457253	224457351	200	+	TARDBP	HepG2	ENCSR187VEQ	ENCFF626XAA	gene	ENSG00000143786.9	CNIH3		1
TARDBP__HepG2__ENCSR187VEQ__ENCFF626XAA__peak0012068	chr1	244848192	244848234	200	-	TARDBP	HepG2	ENCSR187VEQ	ENCFF626XAA	gene	ENSG00000153187.22	HNRNPU		1
TARDBP__HepG2__ENCSR187VEQ__ENCFF626XAA__peak0012069	chr1	244848551	244848624	200	-	TARDBP	HepG2	ENCSR187VEQ	ENCFF626XAA	gene	ENSG00000153187.22	HNRNPU		1
TARDBP__HepG2__ENCSR187VEQ__ENCFF626XAA__peak0012070	chr1	244848803	244848860	200	-	TARDBP	HepG2	ENCSR187VEQ	ENCFF626XAA	gene	ENSG00000153187.22	HNRNPU		1
TARDBP__HepG2__ENCSR187VEQ__ENCFF626XAA__peak0012962	chr2	10143525	10143586	1000	+	TARDBP	HepG2	ENCSR187VEQ	ENCFF626XAA	gene	ENSG00000171848.17	RRM2		1
TARDBP__HepG2__ENCSR187VEQ__ENCFF626XAA__peak0012968	chr2	10149764	10149819	200	+	TARDBP	HepG2	ENCSR187VEQ	ENCFF626XAA	gene	ENSG00000171848.17	RRM2		1
TARDBP__HepG2__ENCSR187VEQ__ENCFF626XAA__peak0012972	chr2	10161552	10161681	200	+	TARDBP	HepG2	ENCSR187VEQ	ENCFF626XAA	gene	ENSG00000171848.17	RRM2		1
TARDBP__HepG2__ENCSR187VEQ__ENCFF626XAA__peak0012976	chr2	10163999	10164052	1000	+	TARDBP	HepG2	ENCSR187VEQ	ENCFF626XAA	gene	ENSG00000171848.17	RRM2		1
TARDBP__HepG2__ENCSR187VEQ__ENCFF626XAA__peak0012977	chr2	10164052	10164116	1000	+	TARDBP	HepG2	ENCSR187VEQ	ENCFF626XAA	gene	ENSG00000171848.17	RRM2		1
TARDBP__HepG2__ENCSR187VEQ__ENCFF626XAA__peak0012989	chr2	10190275	10190332	1000	+	TARDBP	HepG2	ENCSR187VEQ	ENCFF626XAA	gene	ENSG00000171848.17	RRM2		1
TARDBP__HepG2__ENCSR187VEQ__ENCFF626XAA__peak0012990	chr2	10190332	10190386	1000	+	TARDBP	HepG2	ENCSR187VEQ	ENCFF626XAA	gene	ENSG00000171848.17	RRM2		1
TARDBP__HepG2__ENCSR187VEQ__ENCFF626XAA__peak0012991	chr2	10190386	10190450	1000	+	TARDBP	HepG2	ENCSR187VEQ	ENCFF626XAA	gene	ENSG00000171848.17	RRM2		1
TARDBP__HepG2__ENCSR187VEQ__ENCFF626XAA__peak0012992	chr2	10190450	10190514	1000	+	TARDBP	HepG2	ENCSR187VEQ	ENCFF626XAA	gene	ENSG00000171848.17	RRM2		1
TARDBP__HepG2__ENCSR187VEQ__ENCFF626XAA__peak0012993	chr2	10190523	10190590	1000	+	TARDBP	HepG2	ENCSR187VEQ	ENCFF626XAA	gene	ENSG00000171848.17	RRM2		1
TARDBP__HepG2__ENCSR187VEQ__ENCFF626XAA__peak0012996	chr2	10193916	10193950	200	+	TARDBP	HepG2	ENCSR187VEQ	ENCFF626XAA	gene	ENSG00000171848.17	RRM2		1
TARDBP__HepG2__ENCSR187VEQ__ENCFF626XAA__peak0012997	chr2	10194457	10194504	200	+	TARDBP	HepG2	ENCSR187VEQ	ENCFF626XAA	gene	ENSG00000171848.17	RRM2		1
TARDBP__HepG2__ENCSR187VEQ__ENCFF626XAA__peak0013001	chr2	10205456	10205481	200	+	TARDBP	HepG2	ENCSR187VEQ	ENCFF626XAA	gene	ENSG00000171848.17	RRM2		1
TARDBP__HepG2__ENCSR187VEQ__ENCFF626XAA__peak0013003	chr2	10209564	10209620	1000	+	TARDBP	HepG2	ENCSR187VEQ	ENCFF626XAA	gene	ENSG00000171848.17	RRM2		1
TARDBP__HepG2__ENCSR187VEQ__ENCFF626XAA__peak0013004	chr2	10209620	10209665	1000	+	TARDBP	HepG2	ENCSR187VEQ	ENCFF626XAA	gene	ENSG00000171848.17	RRM2		1
TARDBP__HepG2__ENCSR187VEQ__ENCFF626XAA__peak0013005	chr2	10210247	10210271	200	+	TARDBP	HepG2	ENCSR187VEQ	ENCFF626XAA	gene	ENSG00000171848.17	RRM2		1
TARDBP__HepG2__ENCSR187VEQ__ENCFF626XAA__peak0014137	chr2	26798886	26798930	200	+	TARDBP	HepG2	ENCSR187VEQ	ENCFF626XAA	gene	ENSG00000115163.16	CENPA		1
TARDBP__HepG2__ENCSR187VEQ__ENCFF626XAA__peak0014145	chr2	27050824	27050888	200	+	TARDBP	HepG2	ENCSR187VEQ	ENCFF626XAA	gene	ENSG00000084693.17	AGBL5		1
TARDBP__HepG2__ENCSR187VEQ__ENCFF626XAA__peak0014407	chr2	28803052	28803136	200	+	TARDBP	HepG2	ENCSR187VEQ	ENCFF626XAA	gene	ENSG00000163806.16	SPDYA		1
TARDBP__HepG2__ENCSR187VEQ__ENCFF626XAA__peak0021877	chr2	151796112	151796161	200	-	TARDBP	HepG2	ENCSR187VEQ	ENCFF626XAA	gene	ENSG00000162980.18	ARL5A		1
TARDBP__HepG2__ENCSR187VEQ__ENCFF626XAA__peak0021878	chr2	151796232	151796266	200	-	TARDBP	HepG2	ENCSR187VEQ	ENCFF626XAA	gene	ENSG00000162980.18	ARL5A		1
TARDBP__HepG2__ENCSR187VEQ__ENCFF626XAA__peak0024108	chr2	181067788	181067840	200	+	TARDBP	HepG2	ENCSR187VEQ	ENCFF626XAA	gene	ENSG00000170035.17	UBE2E3		1
TARDBP__HepG2__ENCSR187VEQ__ENCFF626XAA__peak0024631	chr2	196735863	196735887	200	+	TARDBP	HepG2	ENCSR187VEQ	ENCFF626XAA	gene	ENSG00000144395.18	CCDC150		1
TARDBP__HepG2__ENCSR187VEQ__ENCFF626XAA__peak0025643	chr2	216030896	216030929	1000	-	TARDBP	HepG2	ENCSR187VEQ	ENCFF626XAA	gene	ENSG00000115425.15;ENSG00000118242.17	MREG;PECR		2
TARDBP__HepG2__ENCSR187VEQ__ENCFF626XAA__peak0026818	chr2	232862798	232862824	200	+	TARDBP	HepG2	ENCSR187VEQ	ENCFF626XAA	gene	ENSG00000182600.10	SNORC		1
TARDBP__HepG2__ENCSR187VEQ__ENCFF626XAA__peak0026819	chr2	232862824	232862850	1000	+	TARDBP	HepG2	ENCSR187VEQ	ENCFF626XAA	gene	ENSG00000182600.10	SNORC		1
TARDBP__HepG2__ENCSR187VEQ__ENCFF626XAA__peak0026820	chr2	232862850	232862896	200	+	TARDBP	HepG2	ENCSR187VEQ	ENCFF626XAA	gene	ENSG00000182600.10	SNORC		1
TARDBP__HepG2__ENCSR187VEQ__ENCFF626XAA__peak0028421	chr3	3729418	3729495	1000	-	TARDBP	HepG2	ENCSR187VEQ	ENCFF626XAA	gene	ENSG00000144455.15	SUMF1		1
TARDBP__HepG2__ENCSR187VEQ__ENCFF626XAA__peak0028430	chr3	3905672	3905745	1000	-	TARDBP	HepG2	ENCSR187VEQ	ENCFF626XAA	gene	ENSG00000144455.15	SUMF1		1
TARDBP__HepG2__ENCSR187VEQ__ENCFF626XAA__peak0028441	chr3	4119674	4119730	1000	-	TARDBP	HepG2	ENCSR187VEQ	ENCFF626XAA	gene	ENSG00000144455.15	SUMF1		1
TARDBP__HepG2__ENCSR187VEQ__ENCFF626XAA__peak0028442	chr3	4122929	4122975	200	-	TARDBP	HepG2	ENCSR187VEQ	ENCFF626XAA	gene	ENSG00000144455.15	SUMF1		1
TARDBP__HepG2__ENCSR187VEQ__ENCFF626XAA__peak0028445	chr3	4151125	4151181	200	-	TARDBP	HepG2	ENCSR187VEQ	ENCFF626XAA	gene	ENSG00000144455.15	SUMF1		1
TARDBP__HepG2__ENCSR187VEQ__ENCFF626XAA__peak0028448	chr3	4180663	4180703	200	-	TARDBP	HepG2	ENCSR187VEQ	ENCFF626XAA	gene	ENSG00000144455.15	SUMF1		1
TARDBP__HepG2__ENCSR187VEQ__ENCFF626XAA__peak0028451	chr3	4225538	4225572	200	-	TARDBP	HepG2	ENCSR187VEQ	ENCFF626XAA	gene	ENSG00000144455.15	SUMF1		1
TARDBP__HepG2__ENCSR187VEQ__ENCFF626XAA__peak0028453	chr3	4227173	4227235	200	-	TARDBP	HepG2	ENCSR187VEQ	ENCFF626XAA	gene	ENSG00000144455.15	SUMF1		1
TARDBP__HepG2__ENCSR187VEQ__ENCFF626XAA__peak0028455	chr3	4252309	4252397	1000	-	TARDBP	HepG2	ENCSR187VEQ	ENCFF626XAA	gene	ENSG00000144455.15	SUMF1		1
TARDBP__HepG2__ENCSR187VEQ__ENCFF626XAA__peak0028466	chr3	4334550	4334576	200	-	TARDBP	HepG2	ENCSR187VEQ	ENCFF626XAA	gene	ENSG00000144455.15	SUMF1		1
TARDBP__HepG2__ENCSR187VEQ__ENCFF626XAA__peak0028468	chr3	4338448	4338509	200	-	TARDBP	HepG2	ENCSR187VEQ	ENCFF626XAA	gene	ENSG00000144455.15	SUMF1		1
TARDBP__HepG2__ENCSR187VEQ__ENCFF626XAA__peak0028470	chr3	4340057	4340145	1000	-	TARDBP	HepG2	ENCSR187VEQ	ENCFF626XAA	gene	ENSG00000144455.15	SUMF1		1
TARDBP__HepG2__ENCSR187VEQ__ENCFF626XAA__peak0028471	chr3	4340248	4340293	200	-	TARDBP	HepG2	ENCSR187VEQ	ENCFF626XAA	gene	ENSG00000144455.15	SUMF1		1
TARDBP__HepG2__ENCSR187VEQ__ENCFF626XAA__peak0028472	chr3	4349785	4349819	200	-	TARDBP	HepG2	ENCSR187VEQ	ENCFF626XAA	gene	ENSG00000144455.15	SUMF1		1
TARDBP__HepG2__ENCSR187VEQ__ENCFF626XAA__peak0028638	chr3	8782520	8782592	200	-	TARDBP	HepG2	ENCSR187VEQ	ENCFF626XAA	gene	ENSG00000070950.11;ENSG00000182533.7	CAV3;RAD18		2
TARDBP__HepG2__ENCSR187VEQ__ENCFF626XAA__peak0028643	chr3	8868137	8868193	200	-	TARDBP	HepG2	ENCSR187VEQ	ENCFF626XAA	gene	ENSG00000070950.11	RAD18		1
TARDBP__HepG2__ENCSR187VEQ__ENCFF626XAA__peak0028644	chr3	8869914	8869967	200	-	TARDBP	HepG2	ENCSR187VEQ	ENCFF626XAA	gene	ENSG00000070950.11	RAD18		1
TARDBP__HepG2__ENCSR187VEQ__ENCFF626XAA__peak0030522	chr3	38534378	38534399	200	+	TARDBP	HepG2	ENCSR187VEQ	ENCFF626XAA	gene	ENSG00000157036.14	EXOG		1
TARDBP__HepG2__ENCSR187VEQ__ENCFF626XAA__peak0031228	chr3	48560120	48560206	1000	-	TARDBP	HepG2	ENCSR187VEQ	ENCFF626XAA	gene	ENSG00000114268.13	PFKFB4		1
TARDBP__HepG2__ENCSR187VEQ__ENCFF626XAA__peak0035936	chr3	144000450	144000491	200	+	TARDBP	HepG2	ENCSR187VEQ	ENCFF626XAA	gene	ENSG00000181744.9	DIPK2A		1
TARDBP__HepG2__ENCSR187VEQ__ENCFF626XAA__peak0035937	chr3	144029079	144029168	1000	+	TARDBP	HepG2	ENCSR187VEQ	ENCFF626XAA	gene	ENSG00000181744.9	DIPK2A		1
TARDBP__HepG2__ENCSR187VEQ__ENCFF626XAA__peak0039191	chr4	1632953	1633021	200	-	TARDBP	HepG2	ENCSR187VEQ	ENCFF626XAA	gene	ENSG00000174137.14	FAM53A		1
TARDBP__HepG2__ENCSR187VEQ__ENCFF626XAA__peak0039192	chr4	1633058	1633142	200	-	TARDBP	HepG2	ENCSR187VEQ	ENCFF626XAA	gene	ENSG00000174137.14	FAM53A		1
TARDBP__HepG2__ENCSR187VEQ__ENCFF626XAA__peak0041455	chr4	80101748	80101770	200	-	TARDBP	HepG2	ENCSR187VEQ	ENCFF626XAA	gene	ENSG00000163297.19	ANTXR2		1
TARDBP__HepG2__ENCSR187VEQ__ENCFF626XAA__peak0042912	chr4	139403325	139403356	200	+	TARDBP	HepG2	ENCSR187VEQ	ENCFF626XAA	gene	ENSG00000164134.15	NAA15		1
TARDBP__HepG2__ENCSR187VEQ__ENCFF626XAA__peak0042913	chr4	139403404	139403455	200	+	TARDBP	HepG2	ENCSR187VEQ	ENCFF626XAA	gene	ENSG00000164134.15	NAA15		1
TARDBP__HepG2__ENCSR187VEQ__ENCFF626XAA__peak0044410	chr5	856129	856165	1000	-	TARDBP	HepG2	ENCSR187VEQ	ENCFF626XAA	gene	ENSG00000028310.19;ENSG00000188818.13	BRD9;ZDHHC11		2
TARDBP__HepG2__ENCSR187VEQ__ENCFF626XAA__peak0044411	chr5	856168	856225	1000	-	TARDBP	HepG2	ENCSR187VEQ	ENCFF626XAA	gene	ENSG00000028310.19;ENSG00000188818.13	BRD9;ZDHHC11		2
TARDBP__HepG2__ENCSR187VEQ__ENCFF626XAA__peak0044412	chr5	856225	856274	1000	-	TARDBP	HepG2	ENCSR187VEQ	ENCFF626XAA	gene	ENSG00000028310.19;ENSG00000188818.13	BRD9;ZDHHC11		2
TARDBP__HepG2__ENCSR187VEQ__ENCFF626XAA__peak0044413	chr5	856274	856347	1000	-	TARDBP	HepG2	ENCSR187VEQ	ENCFF626XAA	gene	ENSG00000028310.19;ENSG00000188818.13	BRD9;ZDHHC11		2
TARDBP__HepG2__ENCSR187VEQ__ENCFF626XAA__peak0044414	chr5	856367	856400	1000	-	TARDBP	HepG2	ENCSR187VEQ	ENCFF626XAA	gene	ENSG00000028310.19;ENSG00000188818.13	BRD9;ZDHHC11		2
TARDBP__HepG2__ENCSR187VEQ__ENCFF626XAA__peak0044415	chr5	856420	856443	1000	-	TARDBP	HepG2	ENCSR187VEQ	ENCFF626XAA	gene	ENSG00000028310.19;ENSG00000188818.13	BRD9;ZDHHC11		2
TARDBP__HepG2__ENCSR187VEQ__ENCFF626XAA__peak0044416	chr5	856443	856463	1000	-	TARDBP	HepG2	ENCSR187VEQ	ENCFF626XAA	gene	ENSG00000028310.19;ENSG00000188818.13	BRD9;ZDHHC11		2
TARDBP__HepG2__ENCSR187VEQ__ENCFF626XAA__peak0044417	chr5	856463	856518	1000	-	TARDBP	HepG2	ENCSR187VEQ	ENCFF626XAA	gene	ENSG00000028310.19;ENSG00000188818.13	BRD9;ZDHHC11		2
TARDBP__HepG2__ENCSR187VEQ__ENCFF626XAA__peak0044418	chr5	856524	856558	1000	-	TARDBP	HepG2	ENCSR187VEQ	ENCFF626XAA	gene	ENSG00000028310.19;ENSG00000188818.13	BRD9;ZDHHC11		2
TARDBP__HepG2__ENCSR187VEQ__ENCFF626XAA__peak0044419	chr5	856558	856613	1000	-	TARDBP	HepG2	ENCSR187VEQ	ENCFF626XAA	gene	ENSG00000028310.19;ENSG00000188818.13	BRD9;ZDHHC11		2
TARDBP__HepG2__ENCSR187VEQ__ENCFF626XAA__peak0044420	chr5	856613	856694	1000	-	TARDBP	HepG2	ENCSR187VEQ	ENCFF626XAA	gene	ENSG00000028310.19;ENSG00000188818.13	BRD9;ZDHHC11		2
TARDBP__HepG2__ENCSR187VEQ__ENCFF626XAA__peak0044421	chr5	856694	856799	1000	-	TARDBP	HepG2	ENCSR187VEQ	ENCFF626XAA	gene	ENSG00000028310.19;ENSG00000188818.13	BRD9;ZDHHC11		2
TARDBP__HepG2__ENCSR187VEQ__ENCFF626XAA__peak0044422	chr5	856815	856877	1000	-	TARDBP	HepG2	ENCSR187VEQ	ENCFF626XAA	gene	ENSG00000028310.19;ENSG00000188818.13	BRD9;ZDHHC11		2
TARDBP__HepG2__ENCSR187VEQ__ENCFF626XAA__peak0044423	chr5	856877	856936	1000	-	TARDBP	HepG2	ENCSR187VEQ	ENCFF626XAA	gene	ENSG00000028310.19;ENSG00000188818.13	BRD9;ZDHHC11		2
TARDBP__HepG2__ENCSR187VEQ__ENCFF626XAA__peak0044424	chr5	856951	856995	1000	-	TARDBP	HepG2	ENCSR187VEQ	ENCFF626XAA	gene	ENSG00000028310.19;ENSG00000188818.13	BRD9;ZDHHC11		2
TARDBP__HepG2__ENCSR187VEQ__ENCFF626XAA__peak0044425	chr5	856995	857024	1000	-	TARDBP	HepG2	ENCSR187VEQ	ENCFF626XAA	gene	ENSG00000028310.19;ENSG00000188818.13	BRD9;ZDHHC11		2
TARDBP__HepG2__ENCSR187VEQ__ENCFF626XAA__peak0044426	chr5	857024	857040	1000	-	TARDBP	HepG2	ENCSR187VEQ	ENCFF626XAA	gene	ENSG00000028310.19;ENSG00000188818.13	BRD9;ZDHHC11		2
TARDBP__HepG2__ENCSR187VEQ__ENCFF626XAA__peak0044427	chr5	857040	857089	1000	-	TARDBP	HepG2	ENCSR187VEQ	ENCFF626XAA	gene	ENSG00000028310.19;ENSG00000188818.13	BRD9;ZDHHC11		2
TARDBP__HepG2__ENCSR187VEQ__ENCFF626XAA__peak0045111	chr5	18730546	18730609	200	-	TARDBP	HepG2	ENCSR187VEQ	ENCFF626XAA	gene	ENSG00000248693.2	LINC02100		1
TARDBP__HepG2__ENCSR187VEQ__ENCFF626XAA__peak0046328	chr5	65832359	65832394	200	+	TARDBP	HepG2	ENCSR187VEQ	ENCFF626XAA	gene	ENSG00000123213.24	NLN		1
TARDBP__HepG2__ENCSR187VEQ__ENCFF626XAA__peak0048116	chr5	116306924	116306951	200	+	TARDBP	HepG2	ENCSR187VEQ	ENCFF626XAA	gene	ENSG00000145781.10	COMMD10		1
TARDBP__HepG2__ENCSR187VEQ__ENCFF626XAA__peak0048117	chr5	116307042	116307085	200	+	TARDBP	HepG2	ENCSR187VEQ	ENCFF626XAA	gene	ENSG00000145781.10	COMMD10		1
TARDBP__HepG2__ENCSR187VEQ__ENCFF626XAA__peak0048195	chr5	122057442	122057525	200	+	TARDBP	HepG2	ENCSR187VEQ	ENCFF626XAA	gene	ENSG00000151304.7	SRFBP1		1
TARDBP__HepG2__ENCSR187VEQ__ENCFF626XAA__peak0048196	chr5	122058507	122058602	200	+	TARDBP	HepG2	ENCSR187VEQ	ENCFF626XAA	gene	ENSG00000151304.7	SRFBP1		1
TARDBP__HepG2__ENCSR187VEQ__ENCFF626XAA__peak0048198	chr5	122062868	122062918	200	+	TARDBP	HepG2	ENCSR187VEQ	ENCFF626XAA	gene	ENSG00000151304.7	SRFBP1		1
TARDBP__HepG2__ENCSR187VEQ__ENCFF626XAA__peak0049134	chr5	141315251	141315327	1000	-	TARDBP	HepG2	ENCSR187VEQ	ENCFF626XAA	gene	ENSG00000178913.9	TAF7		1
TARDBP__HepG2__ENCSR187VEQ__ENCFF626XAA__peak0049331	chr5	145472932	145472994	200	-	TARDBP	HepG2	ENCSR187VEQ	ENCFF626XAA	gene	ENSG00000186314.13	PRELID2		1
TARDBP__HepG2__ENCSR187VEQ__ENCFF626XAA__peak0049332	chr5	145485949	145486005	200	-	TARDBP	HepG2	ENCSR187VEQ	ENCFF626XAA	gene	ENSG00000186314.13	PRELID2		1
TARDBP__HepG2__ENCSR187VEQ__ENCFF626XAA__peak0049334	chr5	145505027	145505107	200	-	TARDBP	HepG2	ENCSR187VEQ	ENCFF626XAA	gene	ENSG00000186314.13	PRELID2		1
TARDBP__HepG2__ENCSR187VEQ__ENCFF626XAA__peak0049335	chr5	145522363	145522440	200	-	TARDBP	HepG2	ENCSR187VEQ	ENCFF626XAA	gene	ENSG00000186314.13	PRELID2		1
TARDBP__HepG2__ENCSR187VEQ__ENCFF626XAA__peak0049336	chr5	145528664	145528731	1000	-	TARDBP	HepG2	ENCSR187VEQ	ENCFF626XAA	gene	ENSG00000186314.13	PRELID2		1
TARDBP__HepG2__ENCSR187VEQ__ENCFF626XAA__peak0049337	chr5	145566306	145566337	200	-	TARDBP	HepG2	ENCSR187VEQ	ENCFF626XAA	gene	ENSG00000186314.13	PRELID2		1
TARDBP__HepG2__ENCSR187VEQ__ENCFF626XAA__peak0049339	chr5	145584650	145584669	200	-	TARDBP	HepG2	ENCSR187VEQ	ENCFF626XAA	gene	ENSG00000186314.13	PRELID2		1
TARDBP__HepG2__ENCSR187VEQ__ENCFF626XAA__peak0049340	chr5	145586947	145586985	200	-	TARDBP	HepG2	ENCSR187VEQ	ENCFF626XAA	gene	ENSG00000186314.13	PRELID2		1
TARDBP__HepG2__ENCSR187VEQ__ENCFF626XAA__peak0049341	chr5	145587629	145587698	200	-	TARDBP	HepG2	ENCSR187VEQ	ENCFF626XAA	gene	ENSG00000186314.13	PRELID2		1
TARDBP__HepG2__ENCSR187VEQ__ENCFF626XAA__peak0049342	chr5	145592444	145592513	1000	-	TARDBP	HepG2	ENCSR187VEQ	ENCFF626XAA	gene	ENSG00000186314.13	PRELID2		1
TARDBP__HepG2__ENCSR187VEQ__ENCFF626XAA__peak0049343	chr5	145595138	145595243	200	-	TARDBP	HepG2	ENCSR187VEQ	ENCFF626XAA	gene	ENSG00000186314.13	PRELID2		1
TARDBP__HepG2__ENCSR187VEQ__ENCFF626XAA__peak0049344	chr5	145595462	145595477	200	-	TARDBP	HepG2	ENCSR187VEQ	ENCFF626XAA	gene	ENSG00000186314.13	PRELID2		1
TARDBP__HepG2__ENCSR187VEQ__ENCFF626XAA__peak0049345	chr5	145598574	145598608	200	-	TARDBP	HepG2	ENCSR187VEQ	ENCFF626XAA	gene	ENSG00000186314.13	PRELID2		1
TARDBP__HepG2__ENCSR187VEQ__ENCFF626XAA__peak0049346	chr5	145620794	145620840	200	-	TARDBP	HepG2	ENCSR187VEQ	ENCFF626XAA	gene	ENSG00000186314.13	PRELID2		1
TARDBP__HepG2__ENCSR187VEQ__ENCFF626XAA__peak0049347	chr5	145625195	145625252	200	-	TARDBP	HepG2	ENCSR187VEQ	ENCFF626XAA	gene	ENSG00000186314.13	PRELID2		1
TARDBP__HepG2__ENCSR187VEQ__ENCFF626XAA__peak0049349	chr5	145634894	145634980	200	-	TARDBP	HepG2	ENCSR187VEQ	ENCFF626XAA	gene	ENSG00000186314.13	PRELID2		1
TARDBP__HepG2__ENCSR187VEQ__ENCFF626XAA__peak0049353	chr5	145672269	145672291	200	-	TARDBP	HepG2	ENCSR187VEQ	ENCFF626XAA	gene	ENSG00000186314.13	PRELID2		1
TARDBP__HepG2__ENCSR187VEQ__ENCFF626XAA__peak0049355	chr5	145692330	145692401	1000	-	TARDBP	HepG2	ENCSR187VEQ	ENCFF626XAA	gene	ENSG00000186314.13	PRELID2		1
TARDBP__HepG2__ENCSR187VEQ__ENCFF626XAA__peak0049356	chr5	145696341	145696400	200	-	TARDBP	HepG2	ENCSR187VEQ	ENCFF626XAA	gene	ENSG00000186314.13	PRELID2		1
TARDBP__HepG2__ENCSR187VEQ__ENCFF626XAA__peak0049358	chr5	145699361	145699415	1000	-	TARDBP	HepG2	ENCSR187VEQ	ENCFF626XAA	gene	ENSG00000186314.13	PRELID2		1
TARDBP__HepG2__ENCSR187VEQ__ENCFF626XAA__peak0053297	chr6	32961201	32961237	200	-	TARDBP	HepG2	ENCSR187VEQ	ENCFF626XAA	gene	ENSG00000204257.16	HLA-DMA		1
TARDBP__HepG2__ENCSR187VEQ__ENCFF626XAA__peak0054012	chr6	41048724	41048767	200	-	TARDBP	HepG2	ENCSR187VEQ	ENCFF626XAA	gene	ENSG00000124596.18	OARD1		1
TARDBP__HepG2__ENCSR187VEQ__ENCFF626XAA__peak0054013	chr6	41049012	41049066	200	-	TARDBP	HepG2	ENCSR187VEQ	ENCFF626XAA	gene	ENSG00000124596.18	OARD1		1
TARDBP__HepG2__ENCSR187VEQ__ENCFF626XAA__peak0056510	chr6	126197177	126197205	200	+	TARDBP	HepG2	ENCSR187VEQ	ENCFF626XAA	gene	ENSG00000066651.21	TRMT11		1
TARDBP__HepG2__ENCSR187VEQ__ENCFF626XAA__peak0058264	chr6	148287671	148287756	200	+	TARDBP	HepG2	ENCSR187VEQ	ENCFF626XAA	gene	ENSG00000111961.20	SASH1		1
TARDBP__HepG2__ENCSR187VEQ__ENCFF626XAA__peak0058265	chr6	148329628	148329678	1000	+	TARDBP	HepG2	ENCSR187VEQ	ENCFF626XAA	gene	ENSG00000111961.20	SASH1		1
TARDBP__HepG2__ENCSR187VEQ__ENCFF626XAA__peak0059027	chr6	158232491	158232537	200	+	TARDBP	HepG2	ENCSR187VEQ	ENCFF626XAA	gene	ENSG00000130338.13	TULP4		1
TARDBP__HepG2__ENCSR187VEQ__ENCFF626XAA__peak0059028	chr6	158232571	158232602	1000	+	TARDBP	HepG2	ENCSR187VEQ	ENCFF626XAA	gene	ENSG00000130338.13	TULP4		1
TARDBP__HepG2__ENCSR187VEQ__ENCFF626XAA__peak0059029	chr6	158232602	158232631	1000	+	TARDBP	HepG2	ENCSR187VEQ	ENCFF626XAA	gene	ENSG00000130338.13	TULP4		1
TARDBP__HepG2__ENCSR187VEQ__ENCFF626XAA__peak0059030	chr6	158232631	158232660	1000	+	TARDBP	HepG2	ENCSR187VEQ	ENCFF626XAA	gene	ENSG00000130338.13	TULP4		1
TARDBP__HepG2__ENCSR187VEQ__ENCFF626XAA__peak0059031	chr6	158233574	158233626	200	+	TARDBP	HepG2	ENCSR187VEQ	ENCFF626XAA	gene	ENSG00000130338.13	TULP4		1
TARDBP__HepG2__ENCSR187VEQ__ENCFF626XAA__peak0059034	chr6	158243390	158243452	1000	+	TARDBP	HepG2	ENCSR187VEQ	ENCFF626XAA	gene	ENSG00000130338.13	TULP4		1
TARDBP__HepG2__ENCSR187VEQ__ENCFF626XAA__peak0059035	chr6	158243815	158243912	1000	+	TARDBP	HepG2	ENCSR187VEQ	ENCFF626XAA	gene	ENSG00000130338.13	TULP4		1
TARDBP__HepG2__ENCSR187VEQ__ENCFF626XAA__peak0059036	chr6	158243912	158243935	200	+	TARDBP	HepG2	ENCSR187VEQ	ENCFF626XAA	gene	ENSG00000130338.13	TULP4		1
TARDBP__HepG2__ENCSR187VEQ__ENCFF626XAA__peak0059037	chr6	158245994	158246078	1000	+	TARDBP	HepG2	ENCSR187VEQ	ENCFF626XAA	gene	ENSG00000130338.13	TULP4		1
TARDBP__HepG2__ENCSR187VEQ__ENCFF626XAA__peak0059038	chr6	158247605	158247686	200	+	TARDBP	HepG2	ENCSR187VEQ	ENCFF626XAA	gene	ENSG00000130338.13	TULP4		1
TARDBP__HepG2__ENCSR187VEQ__ENCFF626XAA__peak0059052	chr6	158255575	158255637	200	+	TARDBP	HepG2	ENCSR187VEQ	ENCFF626XAA	gene	ENSG00000130338.13	TULP4		1
TARDBP__HepG2__ENCSR187VEQ__ENCFF626XAA__peak0059053	chr6	158256267	158256317	1000	+	TARDBP	HepG2	ENCSR187VEQ	ENCFF626XAA	gene	ENSG00000130338.13	TULP4		1
TARDBP__HepG2__ENCSR187VEQ__ENCFF626XAA__peak0059054	chr6	158256317	158256381	1000	+	TARDBP	HepG2	ENCSR187VEQ	ENCFF626XAA	gene	ENSG00000130338.13	TULP4		1
TARDBP__HepG2__ENCSR187VEQ__ENCFF626XAA__peak0059059	chr6	158259470	158259497	200	+	TARDBP	HepG2	ENCSR187VEQ	ENCFF626XAA	gene	ENSG00000130338.13	TULP4		1
TARDBP__HepG2__ENCSR187VEQ__ENCFF626XAA__peak0059063	chr6	158263015	158263091	1000	+	TARDBP	HepG2	ENCSR187VEQ	ENCFF626XAA	gene	ENSG00000130338.13	TULP4		1
TARDBP__HepG2__ENCSR187VEQ__ENCFF626XAA__peak0063040	chr7	43635510	43635535	200	-	TARDBP	HepG2	ENCSR187VEQ	ENCFF626XAA	gene	ENSG00000106603.21;ENSG00000164543.8	COA1;STK17A		2
TARDBP__HepG2__ENCSR187VEQ__ENCFF626XAA__peak0063041	chr7	43635548	43635602	200	-	TARDBP	HepG2	ENCSR187VEQ	ENCFF626XAA	gene	ENSG00000106603.21;ENSG00000164543.8	COA1;STK17A		2
TARDBP__HepG2__ENCSR187VEQ__ENCFF626XAA__peak0064956	chr7	91858339	91858389	200	-	TARDBP	HepG2	ENCSR187VEQ	ENCFF626XAA	gene	ENSG00000127989.15	MTERF1		1
TARDBP__HepG2__ENCSR187VEQ__ENCFF626XAA__peak0065676	chr7	99890369	99890393	200	-	TARDBP	HepG2	ENCSR187VEQ	ENCFF626XAA	gene	ENSG00000146833.17	TRIM4		1
TARDBP__HepG2__ENCSR187VEQ__ENCFF626XAA__peak0066873	chr7	113990676	113990712	200	-	TARDBP	HepG2	ENCSR187VEQ	ENCFF626XAA	gene	ENSG00000154415.8	PPP1R3A		1
TARDBP__HepG2__ENCSR187VEQ__ENCFF626XAA__peak0066874	chr7	114018667	114018712	200	-	TARDBP	HepG2	ENCSR187VEQ	ENCFF626XAA	gene	ENSG00000154415.8	PPP1R3A		1
TARDBP__HepG2__ENCSR187VEQ__ENCFF626XAA__peak0067048	chr7	127352852	127352925	200	-	TARDBP	HepG2	ENCSR187VEQ	ENCFF626XAA	gene	ENSG00000048405.12	ZNF800		1
TARDBP__HepG2__ENCSR187VEQ__ENCFF626XAA__peak0067053	chr7	127365202	127365247	200	-	TARDBP	HepG2	ENCSR187VEQ	ENCFF626XAA	gene	ENSG00000048405.12	ZNF800		1
TARDBP__HepG2__ENCSR187VEQ__ENCFF626XAA__peak0067054	chr7	127366606	127366624	200	-	TARDBP	HepG2	ENCSR187VEQ	ENCFF626XAA	gene	ENSG00000048405.12	ZNF800		1
TARDBP__HepG2__ENCSR187VEQ__ENCFF626XAA__peak0068440	chr7	140329044	140329091	200	-	TARDBP	HepG2	ENCSR187VEQ	ENCFF626XAA	gene	ENSG00000157800.19	SLC37A3		1
TARDBP__HepG2__ENCSR187VEQ__ENCFF626XAA__peak0070986	chr8	9067377	9067445	200	+	TARDBP	HepG2	ENCSR187VEQ	ENCFF626XAA	gene	ENSG00000104626.16	ERI1		1
TARDBP__HepG2__ENCSR187VEQ__ENCFF626XAA__peak0070988	chr8	9106956	9107005	200	+	TARDBP	HepG2	ENCSR187VEQ	ENCFF626XAA	gene	ENSG00000104626.16	ERI1		1
TARDBP__HepG2__ENCSR187VEQ__ENCFF626XAA__peak0071375	chr8	16447404	16447448	200	-	TARDBP	HepG2	ENCSR187VEQ	ENCFF626XAA	gene	ENSG00000038945.16	MSR1		1
TARDBP__HepG2__ENCSR187VEQ__ENCFF626XAA__peak0072260	chr8	26427935	26428026	1000	+	TARDBP	HepG2	ENCSR187VEQ	ENCFF626XAA	gene	ENSG00000104765.17	BNIP3L		1
TARDBP__HepG2__ENCSR187VEQ__ENCFF626XAA__peak0072515	chr8	29054255	29054296	200	+	TARDBP	HepG2	ENCSR187VEQ	ENCFF626XAA	gene	ENSG00000147421.19	HMBOX1		1
TARDBP__HepG2__ENCSR187VEQ__ENCFF626XAA__peak0072528	chr8	29062349	29062395	200	+	TARDBP	HepG2	ENCSR187VEQ	ENCFF626XAA	gene	ENSG00000147421.19	HMBOX1		1
TARDBP__HepG2__ENCSR187VEQ__ENCFF626XAA__peak0073387	chr8	55732291	55732362	200	-	TARDBP	HepG2	ENCSR187VEQ	ENCFF626XAA	gene	ENSG00000167904.17	TMEM68		1
TARDBP__HepG2__ENCSR187VEQ__ENCFF626XAA__peak0074053	chr8	81723246	81723299	200	-	TARDBP	HepG2	ENCSR187VEQ	ENCFF626XAA	gene	ENSG00000104231.12	ZFAND1		1
TARDBP__HepG2__ENCSR187VEQ__ENCFF626XAA__peak0074056	chr8	81732024	81732060	200	-	TARDBP	HepG2	ENCSR187VEQ	ENCFF626XAA	gene	ENSG00000104231.12	ZFAND1		1
TARDBP__HepG2__ENCSR187VEQ__ENCFF626XAA__peak0074057	chr8	81732113	81732152	200	-	TARDBP	HepG2	ENCSR187VEQ	ENCFF626XAA	gene	ENSG00000104231.12	ZFAND1		1
TARDBP__HepG2__ENCSR187VEQ__ENCFF626XAA__peak0074072	chr8	85425864	85425939	1000	+	TARDBP	HepG2	ENCSR187VEQ	ENCFF626XAA	gene	ENSG00000164879.8	CA3		1
TARDBP__HepG2__ENCSR187VEQ__ENCFF626XAA__peak0074274	chr8	95064538	95064588	200	+	TARDBP	HepG2	ENCSR187VEQ	ENCFF626XAA	gene	ENSG00000156170.15	NDUFAF6		1
TARDBP__HepG2__ENCSR187VEQ__ENCFF626XAA__peak0076820	chr8	143290006	143290055	200	+	TARDBP	HepG2	ENCSR187VEQ	ENCFF626XAA	gene	ENSG00000185730.9	ZNF696		1
TARDBP__HepG2__ENCSR187VEQ__ENCFF626XAA__peak0077098	chr8	144849467	144849517	200	-	TARDBP	HepG2	ENCSR187VEQ	ENCFF626XAA	gene	ENSG00000170619.11	COMMD5		1
TARDBP__HepG2__ENCSR187VEQ__ENCFF626XAA__peak0078128	chr9	35774123	35774162	200	+	TARDBP	HepG2	ENCSR187VEQ	ENCFF626XAA	gene	ENSG00000227388.4	ENSG00000227388		1
TARDBP__HepG2__ENCSR187VEQ__ENCFF626XAA__peak0078155	chr9	36292263	36292354	200	+	TARDBP	HepG2	ENCSR187VEQ	ENCFF626XAA	gene	ENSG00000122705.19	CLTA		1
TARDBP__HepG2__ENCSR187VEQ__ENCFF626XAA__peak0078165	chr9	36437205	36437231	200	-	TARDBP	HepG2	ENCSR187VEQ	ENCFF626XAA	gene	ENSG00000137075.18	RNF38		1
TARDBP__HepG2__ENCSR187VEQ__ENCFF626XAA__peak0080690	chr9	120756226	120756257	200	-	TARDBP	HepG2	ENCSR187VEQ	ENCFF626XAA	gene	ENSG00000119402.19	FBXW2		1
TARDBP__HepG2__ENCSR187VEQ__ENCFF626XAA__peak0080863	chr9	123117428	123117444	200	-	TARDBP	HepG2	ENCSR187VEQ	ENCFF626XAA	gene	ENSG00000165209.20	STRBP		1
TARDBP__HepG2__ENCSR187VEQ__ENCFF626XAA__peak0080864	chr9	123119651	123119694	200	-	TARDBP	HepG2	ENCSR187VEQ	ENCFF626XAA	gene	ENSG00000165209.20	STRBP		1
TARDBP__HepG2__ENCSR187VEQ__ENCFF626XAA__peak0082751	chr9	137836301	137836331	200	+	TARDBP	HepG2	ENCSR187VEQ	ENCFF626XAA	gene	ENSG00000181090.22	EHMT1		1
TARDBP__HepG2__ENCSR187VEQ__ENCFF626XAA__peak0082752	chr9	137836331	137836435	1000	+	TARDBP	HepG2	ENCSR187VEQ	ENCFF626XAA	gene	ENSG00000181090.22	EHMT1		1
TARDBP__HepG2__ENCSR187VEQ__ENCFF626XAA__peak0083485	chr10	13631955	13631981	200	+	TARDBP	HepG2	ENCSR187VEQ	ENCFF626XAA	gene	ENSG00000165630.16	PRPF18		1
TARDBP__HepG2__ENCSR187VEQ__ENCFF626XAA__peak0083489	chr10	13635133	13635178	200	+	TARDBP	HepG2	ENCSR187VEQ	ENCFF626XAA	gene	ENSG00000165630.16	PRPF18		1
TARDBP__HepG2__ENCSR187VEQ__ENCFF626XAA__peak0083490	chr10	13637034	13637062	200	+	TARDBP	HepG2	ENCSR187VEQ	ENCFF626XAA	gene	ENSG00000165630.16	PRPF18		1
TARDBP__HepG2__ENCSR187VEQ__ENCFF626XAA__peak0083491	chr10	13637125	13637149	200	+	TARDBP	HepG2	ENCSR187VEQ	ENCFF626XAA	gene	ENSG00000165630.16	PRPF18		1
TARDBP__HepG2__ENCSR187VEQ__ENCFF626XAA__peak0085657	chr10	63511935	63512002	200	-	TARDBP	HepG2	ENCSR187VEQ	ENCFF626XAA	gene	ENSG00000171988.20	JMJD1C		1
TARDBP__HepG2__ENCSR187VEQ__ENCFF626XAA__peak0085658	chr10	63512087	63512165	200	-	TARDBP	HepG2	ENCSR187VEQ	ENCFF626XAA	gene	ENSG00000171988.20	JMJD1C		1
TARDBP__HepG2__ENCSR187VEQ__ENCFF626XAA__peak0085659	chr10	63514299	63514355	200	-	TARDBP	HepG2	ENCSR187VEQ	ENCFF626XAA	gene	ENSG00000171988.20	JMJD1C		1
TARDBP__HepG2__ENCSR187VEQ__ENCFF626XAA__peak0085660	chr10	63514387	63514435	200	-	TARDBP	HepG2	ENCSR187VEQ	ENCFF626XAA	gene	ENSG00000171988.20	JMJD1C		1
TARDBP__HepG2__ENCSR187VEQ__ENCFF626XAA__peak0085661	chr10	63514661	63514704	200	-	TARDBP	HepG2	ENCSR187VEQ	ENCFF626XAA	gene	ENSG00000171988.20	JMJD1C		1
TARDBP__HepG2__ENCSR187VEQ__ENCFF626XAA__peak0089845	chr10	124615447	124615599	1000	+	TARDBP	HepG2	ENCSR187VEQ	ENCFF626XAA	gene	ENSG00000107902.15	LHPP		1
TARDBP__HepG2__ENCSR187VEQ__ENCFF626XAA__peak0090253	chr10	132330006	132330059	1000	-	TARDBP	HepG2	ENCSR187VEQ	ENCFF626XAA	gene	ENSG00000165752.18	STK32C		1
TARDBP__HepG2__ENCSR187VEQ__ENCFF626XAA__peak0090462	chr10	133472294	133472355	200	+	TARDBP	HepG2	ENCSR187VEQ	ENCFF626XAA	gene	ENSG00000214279.13	SCART1		1
TARDBP__HepG2__ENCSR187VEQ__ENCFF626XAA__peak0090463	chr10	133472443	133472491	200	+	TARDBP	HepG2	ENCSR187VEQ	ENCFF626XAA	gene	ENSG00000214279.13	SCART1		1
TARDBP__HepG2__ENCSR187VEQ__ENCFF626XAA__peak0090464	chr10	133472726	133472748	200	+	TARDBP	HepG2	ENCSR187VEQ	ENCFF626XAA	gene	ENSG00000214279.13	SCART1		1
TARDBP__HepG2__ENCSR187VEQ__ENCFF626XAA__peak0090465	chr10	133472994	133473122	200	+	TARDBP	HepG2	ENCSR187VEQ	ENCFF626XAA	gene	ENSG00000214279.13	SCART1		1
TARDBP__HepG2__ENCSR187VEQ__ENCFF626XAA__peak0091406	chr11	9108580	9108641	200	-	TARDBP	HepG2	ENCSR187VEQ	ENCFF626XAA	gene	ENSG00000175356.15	SCUBE2		1
TARDBP__HepG2__ENCSR187VEQ__ENCFF626XAA__peak0092287	chr11	28439031	28439094	200	+	TARDBP	HepG2	ENCSR187VEQ	ENCFF626XAA	gene	ENSG00000169519.22	METTL15		1
TARDBP__HepG2__ENCSR187VEQ__ENCFF626XAA__peak0092297	chr11	28505842	28505885	200	+	TARDBP	HepG2	ENCSR187VEQ	ENCFF626XAA	gene	ENSG00000169519.22	METTL15		1
TARDBP__HepG2__ENCSR187VEQ__ENCFF626XAA__peak0094138	chr11	66348154	66348212	200	+	TARDBP	HepG2	ENCSR187VEQ	ENCFF626XAA	gene	ENSG00000255468.8	B4GAT1-DT		1
TARDBP__HepG2__ENCSR187VEQ__ENCFF626XAA__peak0095285	chr11	71434225	71434319	1000	-	TARDBP	HepG2	ENCSR187VEQ	ENCFF626XAA	gene	ENSG00000172893.19	DHCR7		1
TARDBP__HepG2__ENCSR187VEQ__ENCFF626XAA__peak0095286	chr11	71434335	71434404	1000	-	TARDBP	HepG2	ENCSR187VEQ	ENCFF626XAA	gene	ENSG00000172893.19	DHCR7		1
TARDBP__HepG2__ENCSR187VEQ__ENCFF626XAA__peak0098711	chr12	2835133	2835229	1000	+	TARDBP	HepG2	ENCSR187VEQ	ENCFF626XAA	gene	ENSG00000053702.15;ENSG00000111203.14	ITFG2;NRIP2		2
TARDBP__HepG2__ENCSR187VEQ__ENCFF626XAA__peak0098712	chr12	2835271	2835310	1000	+	TARDBP	HepG2	ENCSR187VEQ	ENCFF626XAA	gene	ENSG00000053702.15;ENSG00000111203.14	ITFG2;NRIP2		2
TARDBP__HepG2__ENCSR187VEQ__ENCFF626XAA__peak0098713	chr12	2835310	2835363	1000	+	TARDBP	HepG2	ENCSR187VEQ	ENCFF626XAA	gene	ENSG00000053702.15;ENSG00000111203.14	ITFG2;NRIP2		2
TARDBP__HepG2__ENCSR187VEQ__ENCFF626XAA__peak0099584	chr12	15289296	15289361	1000	-	TARDBP	HepG2	ENCSR187VEQ	ENCFF626XAA	gene	ENSG00000134533.7	RERG		1
TARDBP__HepG2__ENCSR187VEQ__ENCFF626XAA__peak0099718	chr12	19553914	19553967	200	+	TARDBP	HepG2	ENCSR187VEQ	ENCFF626XAA	gene	ENSG00000139154.16	AEBP2		1
TARDBP__HepG2__ENCSR187VEQ__ENCFF626XAA__peak0101004	chr12	49580295	49580363	200	+	TARDBP	HepG2	ENCSR187VEQ	ENCFF626XAA	gene	ENSG00000110844.15	PRPF40B		1
TARDBP__HepG2__ENCSR187VEQ__ENCFF626XAA__peak0101353	chr12	54160878	54160973	200	-	TARDBP	HepG2	ENCSR187VEQ	ENCFF626XAA	gene	ENSG00000123415.17	SMUG1		1
TARDBP__HepG2__ENCSR187VEQ__ENCFF626XAA__peak0101354	chr12	54174138	54174212	200	-	TARDBP	HepG2	ENCSR187VEQ	ENCFF626XAA	gene	ENSG00000123415.17	SMUG1		1
TARDBP__HepG2__ENCSR187VEQ__ENCFF626XAA__peak0101412	chr12	55973162	55973203	1000	-	TARDBP	HepG2	ENCSR187VEQ	ENCFF626XAA	gene	ENSG00000185664.16	PMEL		1
TARDBP__HepG2__ENCSR187VEQ__ENCFF626XAA__peak0105174	chr13	19685605	19685635	200	-	TARDBP	HepG2	ENCSR187VEQ	ENCFF626XAA	gene	ENSG00000121390.20	PSPC1		1
TARDBP__HepG2__ENCSR187VEQ__ENCFF626XAA__peak0105177	chr13	19689123	19689153	200	-	TARDBP	HepG2	ENCSR187VEQ	ENCFF626XAA	gene	ENSG00000121390.20	PSPC1		1
TARDBP__HepG2__ENCSR187VEQ__ENCFF626XAA__peak0105181	chr13	19692567	19692606	200	-	TARDBP	HepG2	ENCSR187VEQ	ENCFF626XAA	gene	ENSG00000121390.20	PSPC1		1
TARDBP__HepG2__ENCSR187VEQ__ENCFF626XAA__peak0105183	chr13	19693422	19693474	200	-	TARDBP	HepG2	ENCSR187VEQ	ENCFF626XAA	gene	ENSG00000121390.20	PSPC1		1
TARDBP__HepG2__ENCSR187VEQ__ENCFF626XAA__peak0105186	chr13	19696458	19696545	1000	-	TARDBP	HepG2	ENCSR187VEQ	ENCFF626XAA	gene	ENSG00000121390.20	PSPC1		1
TARDBP__HepG2__ENCSR187VEQ__ENCFF626XAA__peak0105187	chr13	19696702	19696768	1000	-	TARDBP	HepG2	ENCSR187VEQ	ENCFF626XAA	gene	ENSG00000121390.20	PSPC1		1
TARDBP__HepG2__ENCSR187VEQ__ENCFF626XAA__peak0105188	chr13	19698081	19698128	200	-	TARDBP	HepG2	ENCSR187VEQ	ENCFF626XAA	gene	ENSG00000121390.20	PSPC1		1
TARDBP__HepG2__ENCSR187VEQ__ENCFF626XAA__peak0105189	chr13	19702297	19702350	200	-	TARDBP	HepG2	ENCSR187VEQ	ENCFF626XAA	gene	ENSG00000121390.20	PSPC1		1
TARDBP__HepG2__ENCSR187VEQ__ENCFF626XAA__peak0107463	chr13	79312078	79312121	200	-	TARDBP	HepG2	ENCSR187VEQ	ENCFF626XAA	gene	ENSG00000139746.17	RBM26		1
TARDBP__HepG2__ENCSR187VEQ__ENCFF626XAA__peak0107466	chr13	79317849	79317922	200	-	TARDBP	HepG2	ENCSR187VEQ	ENCFF626XAA	gene	ENSG00000139746.17	RBM26		1
TARDBP__HepG2__ENCSR187VEQ__ENCFF626XAA__peak0111349	chr14	58239884	58239948	200	-	TARDBP	HepG2	ENCSR187VEQ	ENCFF626XAA	gene	ENSG00000139971.16	ARMH4		1
TARDBP__HepG2__ENCSR187VEQ__ENCFF626XAA__peak0112219	chr14	74841937	74841993	1000	+	TARDBP	HepG2	ENCSR187VEQ	ENCFF626XAA	gene	ENSG00000119596.19	YLPM1		1
TARDBP__HepG2__ENCSR187VEQ__ENCFF626XAA__peak0112222	chr14	74845778	74845889	200	+	TARDBP	HepG2	ENCSR187VEQ	ENCFF626XAA	gene	ENSG00000119596.19	YLPM1		1
TARDBP__HepG2__ENCSR187VEQ__ENCFF626XAA__peak0112474	chr14	88440635	88440674	200	+	TARDBP	HepG2	ENCSR187VEQ	ENCFF626XAA	gene	ENSG00000042317.18	SPATA7		1
TARDBP__HepG2__ENCSR187VEQ__ENCFF626XAA__peak0114974	chr15	49113163	49113188	200	-	TARDBP	HepG2	ENCSR187VEQ	ENCFF626XAA	gene	ENSG00000166200.16	COPS2		1
TARDBP__HepG2__ENCSR187VEQ__ENCFF626XAA__peak0115317	chr15	55291737	55291787	200	-	TARDBP	HepG2	ENCSR187VEQ	ENCFF626XAA	gene	ENSG00000069974.18	RAB27A		1
TARDBP__HepG2__ENCSR187VEQ__ENCFF626XAA__peak0115394	chr15	56283041	56283073	200	+	TARDBP	HepG2	ENCSR187VEQ	ENCFF626XAA	gene	ENSG00000151575.16	TEX9		1
TARDBP__HepG2__ENCSR187VEQ__ENCFF626XAA__peak0115541	chr15	57717917	57717980	200	+	TARDBP	HepG2	ENCSR187VEQ	ENCFF626XAA	gene	ENSG00000255529.9	POLR2M		1
TARDBP__HepG2__ENCSR187VEQ__ENCFF626XAA__peak0115549	chr15	58292100	58292146	200	-	TARDBP	HepG2	ENCSR187VEQ	ENCFF626XAA	gene	ENSG00000128918.16	ALDH1A2		1
TARDBP__HepG2__ENCSR187VEQ__ENCFF626XAA__peak0117173	chr15	79838039	79838085	200	-	TARDBP	HepG2	ENCSR187VEQ	ENCFF626XAA	gene	ENSG00000136371.12	MTHFS		1
TARDBP__HepG2__ENCSR187VEQ__ENCFF626XAA__peak0119097	chr16	3632172	3632196	200	+	TARDBP	HepG2	ENCSR187VEQ	ENCFF626XAA	gene	ENSG00000213918.11	DNASE1		1
TARDBP__HepG2__ENCSR187VEQ__ENCFF626XAA__peak0119098	chr16	3638085	3638143	200	+	TARDBP	HepG2	ENCSR187VEQ	ENCFF626XAA	gene	ENSG00000213918.11	DNASE1		1
TARDBP__HepG2__ENCSR187VEQ__ENCFF626XAA__peak0121890	chr16	50247076	50247103	200	+	TARDBP	HepG2	ENCSR187VEQ	ENCFF626XAA	gene	ENSG00000121281.13	ADCY7		1
TARDBP__HepG2__ENCSR187VEQ__ENCFF626XAA__peak0122658	chr16	66867861	66867927	200	-	TARDBP	HepG2	ENCSR187VEQ	ENCFF626XAA	gene	ENSG00000159593.16	NAE1		1
TARDBP__HepG2__ENCSR187VEQ__ENCFF626XAA__peak0122950	chr16	68530596	68530674	200	+	TARDBP	HepG2	ENCSR187VEQ	ENCFF626XAA	gene	ENSG00000184939.16	ZFP90		1
TARDBP__HepG2__ENCSR187VEQ__ENCFF626XAA__peak0125069	chr16	85775405	85775486	1000	-	TARDBP	HepG2	ENCSR187VEQ	ENCFF626XAA	gene	ENSG00000131148.10	EMC8		1
TARDBP__HepG2__ENCSR187VEQ__ENCFF626XAA__peak0125092	chr16	87124273	87124366	1000	-	TARDBP	HepG2	ENCSR187VEQ	ENCFF626XAA	gene	ENSG00000260456.8	C16orf95		1
TARDBP__HepG2__ENCSR187VEQ__ENCFF626XAA__peak0125093	chr16	87124382	87124429	1000	-	TARDBP	HepG2	ENCSR187VEQ	ENCFF626XAA	gene	ENSG00000260456.8	C16orf95		1
TARDBP__HepG2__ENCSR187VEQ__ENCFF626XAA__peak0125099	chr16	87124939	87124992	1000	-	TARDBP	HepG2	ENCSR187VEQ	ENCFF626XAA	gene	ENSG00000260456.8	C16orf95		1
TARDBP__HepG2__ENCSR187VEQ__ENCFF626XAA__peak0125100	chr16	87125007	87125036	1000	-	TARDBP	HepG2	ENCSR187VEQ	ENCFF626XAA	gene	ENSG00000260456.8	C16orf95		1
TARDBP__HepG2__ENCSR187VEQ__ENCFF626XAA__peak0125101	chr16	87125061	87125079	200	-	TARDBP	HepG2	ENCSR187VEQ	ENCFF626XAA	gene	ENSG00000260456.8	C16orf95		1
TARDBP__HepG2__ENCSR187VEQ__ENCFF626XAA__peak0125105	chr16	87173421	87173468	200	-	TARDBP	HepG2	ENCSR187VEQ	ENCFF626XAA	gene	ENSG00000260456.8	C16orf95		1
TARDBP__HepG2__ENCSR187VEQ__ENCFF626XAA__peak0126852	chr17	5115538	5115570	200	-	TARDBP	HepG2	ENCSR187VEQ	ENCFF626XAA	gene	ENSG00000167840.15	ZNF232		1
TARDBP__HepG2__ENCSR187VEQ__ENCFF626XAA__peak0128088	chr17	19508208	19508255	200	+	TARDBP	HepG2	ENCSR187VEQ	ENCFF626XAA	gene	ENSG00000142494.14	SLC47A1		1
TARDBP__HepG2__ENCSR187VEQ__ENCFF626XAA__peak0128448	chr17	28953126	28953183	200	+	TARDBP	HepG2	ENCSR187VEQ	ENCFF626XAA	gene	ENSG00000179761.13	PIPOX		1
TARDBP__HepG2__ENCSR187VEQ__ENCFF626XAA__peak0129010	chr17	35584495	35584530	200	+	TARDBP	HepG2	ENCSR187VEQ	ENCFF626XAA	gene	ENSG00000006125.19	AP2B1		1
TARDBP__HepG2__ENCSR187VEQ__ENCFF626XAA__peak0129384	chr17	39153725	39153749	200	-	TARDBP	HepG2	ENCSR187VEQ	ENCFF626XAA	gene	ENSG00000161381.15	PLXDC1		1
TARDBP__HepG2__ENCSR187VEQ__ENCFF626XAA__peak0135976	chr18	14075884	14075938	1000	-	TARDBP	HepG2	ENCSR187VEQ	ENCFF626XAA	gene	ENSG00000175322.12	ZNF519		1
TARDBP__HepG2__ENCSR187VEQ__ENCFF626XAA__peak0138787	chr19	2031451	2031508	1000	-	TARDBP	HepG2	ENCSR187VEQ	ENCFF626XAA	gene	ENSG00000133243.11	BTBD2		1
TARDBP__HepG2__ENCSR187VEQ__ENCFF626XAA__peak0139613	chr19	6595746	6595770	200	-	TARDBP	HepG2	ENCSR187VEQ	ENCFF626XAA	gene	ENSG00000125726.12	CD70		1
TARDBP__HepG2__ENCSR187VEQ__ENCFF626XAA__peak0140344	chr19	12688692	12688729	200	-	TARDBP	HepG2	ENCSR187VEQ	ENCFF626XAA	gene	ENSG00000132004.14	FBXW9		1
TARDBP__HepG2__ENCSR187VEQ__ENCFF626XAA__peak0142432	chr19	41326234	41326304	1000	-	TARDBP	HepG2	ENCSR187VEQ	ENCFF626XAA	gene	ENSG00000105329.12	TGFB1		1
TARDBP__HepG2__ENCSR187VEQ__ENCFF626XAA__peak0142433	chr19	41326344	41326395	1000	-	TARDBP	HepG2	ENCSR187VEQ	ENCFF626XAA	gene	ENSG00000105329.12	TGFB1		1
TARDBP__HepG2__ENCSR187VEQ__ENCFF626XAA__peak0142434	chr19	41326423	41326515	1000	-	TARDBP	HepG2	ENCSR187VEQ	ENCFF626XAA	gene	ENSG00000105329.12	TGFB1		1
TARDBP__HepG2__ENCSR187VEQ__ENCFF626XAA__peak0142435	chr19	41326921	41326973	1000	-	TARDBP	HepG2	ENCSR187VEQ	ENCFF626XAA	gene	ENSG00000105329.12	TGFB1		1
TARDBP__HepG2__ENCSR187VEQ__ENCFF626XAA__peak0142436	chr19	41327194	41327282	1000	-	TARDBP	HepG2	ENCSR187VEQ	ENCFF626XAA	gene	ENSG00000105329.12	TGFB1		1
TARDBP__HepG2__ENCSR187VEQ__ENCFF626XAA__peak0142437	chr19	41327282	41327337	1000	-	TARDBP	HepG2	ENCSR187VEQ	ENCFF626XAA	gene	ENSG00000105329.12	TGFB1		1
TARDBP__HepG2__ENCSR187VEQ__ENCFF626XAA__peak0143329	chr19	51857735	51857788	200	-	TARDBP	HepG2	ENCSR187VEQ	ENCFF626XAA	gene	ENSG00000161551.16	ZNF577		1
TARDBP__HepG2__ENCSR187VEQ__ENCFF626XAA__peak0147841	chr20	37507097	37507208	200	-	TARDBP	HepG2	ENCSR187VEQ	ENCFF626XAA	gene	ENSG00000166619.16	BLCAP		1
TARDBP__HepG2__ENCSR187VEQ__ENCFF626XAA__peak0147842	chr20	37507232	37507288	1000	-	TARDBP	HepG2	ENCSR187VEQ	ENCFF626XAA	gene	ENSG00000166619.16	BLCAP		1
TARDBP__HepG2__ENCSR187VEQ__ENCFF626XAA__peak0147846	chr20	37516879	37516950	200	-	TARDBP	HepG2	ENCSR187VEQ	ENCFF626XAA	gene	ENSG00000166619.16	BLCAP		1
TARDBP__HepG2__ENCSR187VEQ__ENCFF626XAA__peak0149622	chr20	61970628	61970698	1000	-	TARDBP	HepG2	ENCSR187VEQ	ENCFF626XAA	gene	ENSG00000130699.20	TAF4		1
TARDBP__HepG2__ENCSR187VEQ__ENCFF626XAA__peak0150827	chr21	29381787	29381879	1000	+	TARDBP	HepG2	ENCSR187VEQ	ENCFF626XAA	gene	ENSG00000156273.17	BACH1		1
TARDBP__HepG2__ENCSR187VEQ__ENCFF626XAA__peak0150831	chr21	29494800	29494881	1000	+	TARDBP	HepG2	ENCSR187VEQ	ENCFF626XAA	gene	ENSG00000156273.17	BACH1		1
TARDBP__HepG2__ENCSR187VEQ__ENCFF626XAA__peak0150832	chr21	29495883	29495924	200	+	TARDBP	HepG2	ENCSR187VEQ	ENCFF626XAA	gene	ENSG00000156273.17	BACH1		1
TARDBP__HepG2__ENCSR187VEQ__ENCFF626XAA__peak0150834	chr21	29503661	29503728	1000	+	TARDBP	HepG2	ENCSR187VEQ	ENCFF626XAA	gene	ENSG00000156273.17	BACH1		1
TARDBP__HepG2__ENCSR187VEQ__ENCFF626XAA__peak0150835	chr21	29518306	29518348	200	+	TARDBP	HepG2	ENCSR187VEQ	ENCFF626XAA	gene	ENSG00000156273.17	BACH1		1
TARDBP__HepG2__ENCSR187VEQ__ENCFF626XAA__peak0150836	chr21	29518777	29518813	200	+	TARDBP	HepG2	ENCSR187VEQ	ENCFF626XAA	gene	ENSG00000156273.17	BACH1		1
TARDBP__HepG2__ENCSR187VEQ__ENCFF626XAA__peak0150955	chr21	33447656	33447703	200	-	TARDBP	HepG2	ENCSR187VEQ	ENCFF626XAA	gene	ENSG00000142188.18;ENSG00000159128.17	IFNGR2;TMEM50B		2
TARDBP__HepG2__ENCSR187VEQ__ENCFF626XAA__peak0152716	chr22	19438068	19438115	200	-	TARDBP	HepG2	ENCSR187VEQ	ENCFF626XAA	gene	ENSG00000100084.15;ENSG00000242259.10	C22orf39;HIRA		2
TARDBP__HepG2__ENCSR187VEQ__ENCFF626XAA__peak0158030	chrX	57119611	57119645	200	-	TARDBP	HepG2	ENCSR187VEQ	ENCFF626XAA	gene	ENSG00000186787.11	SPIN2B		1
